srcip,sport,dstip,dsport,proto,state,dur,sbytes,dbytes,Spkts,Dpkts,swin,dwin,tcprtt,synack,ackdat,ct_flw_http_mthd,original_srcip,original_dstip
192.168.1.105,5353,192.168.1.27,5353,DNS,N/A,0.000507,93,93,1556,1,N/A,N/A,N/A,N/A,N/A,N/A
192.168.1.105,5353,192.168.1.27,5353,DNS,N/A,0.001674,75,75,1557,2,N/A,N/A,N/A,N/A,N/A,N/A
192.168.1.105,49814,162.159.137.234,443,tcp,PA,0.000393,152,152,1558,39,2048,N/A,N/A,N/A,N/A,N/A
192.168.1.105,50924,66.22.241.153,50029,UDP,N/A,0.000376,246,246,1559,379,N/A,N/A,N/A,N/A,N/A,N/A
192.168.1.105,50924,66.22.241.153,50029,UDP,N/A,0.000386,261,261,1560,380,N/A,N/A,N/A,N/A,N/A,N/A
66.22.241.153,50029,192.168.1.105,50924,UDP,N/A,0.000355,94,94,50,959,N/A,N/A,N/A,N/A,N/A,N/A
192.168.1.105,50924,66.22.241.153,50029,UDP,N/A,0.000232,243,243,1561,381,N/A,N/A,N/A,N/A,N/A,N/A
162.159.137.234,443,192.168.1.105,49814,tcp,A,0.000319,66,66,39,960,8,N/A,N/A,N/A,N/A,N/A
192.168.1.105,50924,66.22.241.153,50029,UDP,N/A,0.000265,245,245,1562,382,N/A,N/A,N/A,N/A,N/A,N/A
192.168.1.105,50924,66.22.241.153,50029,UDP,N/A,0.000297,243,243,1563,383,N/A,N/A,N/A,N/A,N/A,N/A
192.168.1.105,50924,66.22.241.153,50029,UDP,N/A,0.000361,246,246,1564,384,N/A,N/A,N/A,N/A,N/A,N/A
192.168.1.105,50924,66.22.241.153,50029,UDP,N/A,0.000421,247,247,1565,385,N/A,N/A,N/A,N/A,N/A,N/A
192.168.1.27,5353,224.0.0.251,5353,DNS,N/A,0.000841,225,225,2,13,N/A,N/A,N/A,N/A,N/A,N/A
fe80::122c:6bff:fea0:e0c2,5353,ff02::fb,5353,DNS,N/A,0.002298,245,245,1,1,N/A,N/A,N/A,N/A,N/A,N/A
192.168.1.27,5353,224.0.0.251,5353,DNS,N/A,0.003535,332,332,3,14,N/A,N/A,N/A,N/A,N/A,N/A
192.168.1.105,50924,66.22.241.153,50029,UDP,N/A,0.00273,238,238,1566,386,N/A,N/A,N/A,N/A,N/A,N/A
192.168.1.105,50924,66.22.241.153,50029,UDP,N/A,0.000405,255,255,1567,387,N/A,N/A,N/A,N/A,N/A,N/A
192.168.1.105,50924,66.22.241.153,50029,UDP,N/A,0.000459,253,253,1568,388,N/A,N/A,N/A,N/A,N/A,N/A
192.168.1.105,52469,17.250.81.128,443,tcp,PA,0.000428,129,129,1569,594,2048,N/A,N/A,N/A,N/A,N/A
192.168.1.105,52469,17.250.81.128,443,tcp,PA,0.000389,384,384,1570,595,2048,N/A,N/A,N/A,N/A,N/A
192.168.1.105,52469,17.250.81.128,443,tcp,PA,0.000376,130,130,1571,596,2048,N/A,N/A,N/A,N/A,N/A
192.168.1.105,52469,17.250.81.128,443,tcp,PA,0.001331,608,608,1572,597,2048,N/A,N/A,N/A,N/A,N/A
