srcip,sport,dstip,dsport,proto,state,dur,sbytes,dbytes,Spkts,Dpkts,swin,dwin,tcprtt,synack,ackdat,ct_flw_http_mthd,original_srcip,original_dstip
fe80::122c:6bff:fea0:e0c2,319,fe80::18ed:cdfc:e564:bf5f,319,UDP,N/A,0.000414,106,106,1,1,N/A,N/A,N/A,N/A,N/A,N/A
192.168.1.27,319,192.168.1.105,319,UDP,N/A,0.002257,86,86,2466,3644,N/A,N/A,N/A,N/A,N/A,N/A
fe80::18ed:cdfc:e564:bf5f,319,fe80::122c:6bff:fea0:e0c2,319,UDP,N/A,0.003007,106,106,1,1,N/A,N/A,N/A,N/A,N/A,N/A
192.168.1.105,319,192.168.1.27,319,UDP,N/A,0.003847,86,86,2282,758,N/A,N/A,N/A,N/A,N/A,N/A
fe80::122c:6bff:fea0:e0c2,320,fe80::18ed:cdfc:e564:bf5f,320,UDP,N/A,0.004654,138,138,1,1,N/A,N/A,N/A,N/A,N/A,N/A
192.168.1.27,320,192.168.1.105,320,UDP,N/A,0.005295,118,118,2467,3645,N/A,N/A,N/A,N/A,N/A,N/A
fe80::122c:6bff:fea0:e0c2,320,fe80::18ed:cdfc:e564:bf5f,320,UDP,N/A,0.000706,116,116,1,1,N/A,N/A,N/A,N/A,N/A,N/A
192.168.1.27,320,192.168.1.105,320,UDP,N/A,0.001487,96,96,2468,3646,N/A,N/A,N/A,N/A,N/A,N/A
192.168.1.105,54607,17.250.81.132,443,tcp,PA,0.000425,130,130,2283,127,2048,N/A,N/A,N/A,N/A,N/A
192.168.1.105,54607,17.250.81.132,443,tcp,PA,0.001339,381,381,2284,128,2048,N/A,N/A,N/A,N/A,N/A
192.168.1.105,54607,17.250.81.132,443,tcp,PA,0.000737,130,130,2285,129,2048,N/A,N/A,N/A,N/A,N/A
192.168.1.105,54607,17.250.81.132,443,tcp,PA,0.001296,601,601,2286,130,2048,N/A,N/A,N/A,N/A,N/A
