original_srcip,sport,original_dstip,dsport,proto,state,dur,sbytes,dbytes,Spkts,Dpkts,predictions
10.0.2.5,80,10.0.2.15,57842,4,7,0.015989,74,74,1,1,1
192.168.1.1,53,10.0.2.15,38007,1,3,0.000388,81,81,1,3,1
130.211.33.145,443,192.168.1.105,56078,6,3,0.002368,97,97,1,1,1
13.69.239.74,443,192.168.1.105,56420,6,0,0.000329,66,66,1,3,1
140.82.114.25,443,192.168.1.105,56256,6,3,0.000833,91,91,1,22,1
13.69.239.74,443,192.168.1.105,56420,6,0,0.00042,66,66,19,24,1
17.250.81.133,443,192.168.1.105,56163,6,0,0.000234,66,66,1,36,1
31.13.83.49,443,192.168.1.105,56351,6,0,0.000323,66,66,1,50,1
172.224.54.6,443,192.168.1.105,52607,3,1,0.000422,73,73,1,52,1
172.224.53.8,443,192.168.1.105,54759,3,1,0.000332,73,73,1,64,1
130.211.33.145,443,192.168.1.105,56078,4,2,0.000655,97,97,3,66,1
13.69.239.74,443,192.168.1.105,56420,4,0,0.000405,66,66,37,71,1
17.250.81.133,443,192.168.1.105,56163,4,0,0.000411,66,66,7,82,1
13.69.239.74,443,192.168.1.105,56420,6,0,0.00045,66,66,58,104,1
17.250.81.133,443,192.168.1.105,56163,6,0,0.000652,66,66,19,113,1
192.168.1.1,53,192.168.1.105,51406,1,1,0.000659,101,101,4,131,1
17.248.211.65,443,192.168.1.105,56434,6,3,0.000326,74,74,1,138,1
17.250.81.4,443,192.168.1.105,56435,6,3,0.009874,74,74,1,181,1
52.97.168.194,443,192.168.1.105,55389,6,0,0.000318,66,66,1,268,1
162.247.243.29,443,192.168.1.105,56333,6,0,0.000353,66,66,1,385,1
130.211.33.145,443,192.168.1.105,56078,4,2,0.000512,97,97,5,647,1
13.69.239.74,443,192.168.1.105,56420,4,0,0.00031,66,66,80,652,1
